,precio-dto,precio-lista,descripcion
0,,"$ 52,00",Agua mineralizada con gas Carrefour 2 l.
1,,"$ 217,15",Agua mineral sin gas Sierra de los Padres bidón 6.5 l.
2,,"$ 203,60",Agua de mesa Kin sin gas 6 l.
3,,"$ 53,00",Agua de mesa Kin sin gas 1.5 l.
4,,"$ 79,59",Agua mineral sin gas Ser sin TACC 2.25 l.
5,,"$ 224,06",Agua de mesa Villa del Sur sin gas bidón 6.25 l.
6,,"$ 54,11",Agua saborizada manzana sin gas Brio 1.5 l.
7,,"$ 54,10",Agua saborizada naranja sin gas Brio 1.5 l.
8,,"$ 81,70",Gaseosa lima limón Cunnington light 2.25 l.
9,,"$ 84,90",Agua de mesa Kin sin gas 2.25 l.
10,,"$ 57,36",Agua saborizada pomelo sin gas Brio 1.5 l.
11,,"$ 57,80",Agua mineral sin gas Sierra De Los Padres 1.5 l.
12,"$ 65,25","$ 87,00",Agua saborizada Cimes naranja 2.25 l.
13,,"$ 89,70",Agua de mesa sin gas Nestlé 2.25 l.
14,,"$ 90,00",Gaseosa Cunnington pomelo 2.25 l.
15,,"$ 255,15",Agua mineralizada sin gas Glaciar bidón bajo sodio 6.3 l.
16,,"$ 93,00",Gaseosa Carrefour triple 0 tónica 2.5 l.
17,,"$ 93,00",Gaseosa Carrefour light pomelo 2.25 l.
18,,"$ 93,00",Gaseosa Carrefour light lima limón 2.25 l.
19,,"$ 93,00",Gaseosa Carrefour light naranja 2.25 l.
20,,"$ 93,00",Gaseosa Carrefour triple 0 lima limón 2.5 l.
21,,"$ 93,00",Gaseosa Carrefour triple 0 Pomelo 2.5 l.
22,,"$ 93,00",Gaseosa Carrefour triple 0 cola 2.5 l.
23,,"$ 93,00",Gaseosa Carrefour triple 0 naranja 2.25 l.
24,"$ 73,50","$ 98,00",Agua saborizada Cimes citrus 2.25 l.
25,"$ 73,50","$ 98,00",Agua saborizada Cimes limonada 2.25 l.
26,,"$ 99,40",Gaseosa pomelo Secco sin azúcar botella 2.25 l.
27,,"$ 99,40",Gaseosa cola Secco sin azúcar botella 2.25 l.
28,,"$ 99,40",Gaseosa lima limón Secco sin azúcar botella 2.25 l.
29,,"$ 101,00",Gaseosa Crush sin azúcar naranja 2.25 l.
30,,"$ 101,00",Gaseosa Crush sin azúcar lima-limón 2.25 l.
31,,"$ 67,89",Agua mineral sin gas Eco de los Andes 1.5 l.
32,,"$ 103,00",Gaseosa Carrefour tónica 2.25 l.
33,,"$ 103,00",Gaseosa Carrefour cola 2.25 l.
34,,"$ 103,00",Gaseosa Carrefour naranja 2.25 l.
35,,"$ 103,00",Gaseosa Carrefour pomelo 2.25 l.
36,,"$ 68,80",Jugo concentrado Carioca naranja 1.5 l.
37,"$ 78,00","$ 104,00",Agua mineral sin gas Villa del Sur 2.25 l.
38,,"$ 94,60",Agua mineral sin gas Villavicencio 2 l.
39,,"$ 106,70","Gaseosa Cunnington limon regular 2,25 l."
40,,"$ 106,70",Gaseosa manzana Secco 2.25 l.
41,,"$ 106,70",Gaseosa pomelo Secco 2.25 l.
42,,"$ 106,70",Gaseosa lima limón Secco 2.25 l.
43,,"$ 107,90",Gaseosa Cunnington lima limón 2.25 l.
44,,"$ 108,90",Gaseosa pomelo light Cunnington 2.25 l.
45,,"$ 108,90",Gaseosa Cunnington tónica 2.25 l.
46,,"$ 108,99",Gaseosa Crush sin azúcar pomelo amarillo 2.25 l.
47,"$ 72,75","$ 97,00",Agua saborizada con gas Carrefour citrus 2 l.
48,"$ 72,75","$ 97,00",Agua saborizada con gas Carrefour naranja y durazno 2 l.
49,,"$ 109,29",Gaseosa Cunnington tónica sin azúcar 2.25 l.
50,,"$ 72,93",Gaseosa Schweppes tónica 1.5 l.
51,,"$ 110,00",Gaseosa lima limón Doble Cola regular pet 2.25 l.
52,,"$ 110,00",Gaseosa naranja Doble Cola regular pet 2.25 l.
53,,"$ 110,00",Gaseosa pomelo Doble Cola regular pet 2.25 l.
54,,"$ 123,90",Agua mineral sin gas Villa del Sur pet 2.5 l.
55,,"$ 82,68",Agua mineral sin gas Villa del Sur 1.65 l.
56,"$ 86,25","$ 115,00",Agua saborizada Carrefour cero manzana 2.25 l.
57,"$ 86,25","$ 115,00",Agua saborizada Carrefour cero naranja 2.25 l.
58,,"$ 116,90",Jugo Hi-C manzana 2.25 l.
59,,"$ 78,65",Gaseosa cola Cunnington sin azucar 1.5 l. sin TACC
60,,"$ 122,50",Gaseosa pomelo intenso Secco botella 2.25 l.
61,,"$ 85,05",Aperitivo sin alcohol Tres Torres serrano 1.5 l.
62,,"$ 85,74",Aperitivo sin alcohol Tres Torres blanco 1.5 l.
63,,"$ 87,00",Aperitivo sin alcohol Carrefour pomelo 1.5 l.
64,,"$ 87,00",Aperitivo sin alcohol Carrefour cordillera 1.5 l.
65,,"$ 87,00",Aperitivo sin alcohol Carrefour citrus 1.5 l.
66,"$ 66,00","$ 88,00",Agua saborizada Sierra de los Padres citrus 1.5 l.
67,"$ 66,75","$ 89,00",Agua saborizada con gas Carrefour limón 1.5 l.
68,,"$ 135,00",Gaseosa Doble Cola regular cola 2.25 l.
69,,"$ 90,00",Gaseosa Cunnington ginger ale 1.5 l.
70,,"$ 92,10",Agua saborizada Sierra De Los Padres manzana 1.5 l.
71,,"$ 92,10",Agua saborizada Sierra De Los Padres pomelo sin gas 1.5 l.
72,,"$ 92,10",Agua saborizada Sierra De Los Padres naranja 1.5 l.
73,,"$ 93,30",Agua tónica Sierra de los Padres 1.5 l.
74,"$ 69,98","$ 93,30",Agua saborizada Sierra de los Padres pomelo blanco 1.5 l.
75,"$ 70,65","$ 94,20",Agua sabor sin gas manzana Bio Balance botella 1.5 l.
76,"$ 109,88","$ 146,50",Agua saborizada Aquarius pera 2.25 l.
77,"$ 109,88","$ 146,50",Agua saborizada Aquarius pomelo 2.25 l.
78,"$ 109,88","$ 146,50",Agua saborizada Aquarius manzana 2.25 l.
79,,"$ 147,10",Gaseosa Schweppes sin azúcar pomelo 2.25 l.
80,,"$ 99,10",Agua mineral sin gas Villavicencio 1.5 l.
81,,"$ 100,98",Aperitivo sin alcohol Tres Torres limón 1.5 l.
82,,"$ 100,98",Aperitivo sin alcohol naranja Tres Torres 1.5 l
83,,"$ 100,98",Aperitivo Tres Torres amargo pomelo rosado 1.5 l.
84,,"$ 103,00",Agua mineral con gas Villavicencio 1.5 l.
85,,"$ 105,35",Agua saborizada con gas H2Oh limóneto 1.5 l.
86,,"$ 211,85",Gaseosa pomelo regular Mirinda pet 3 l.
87,"$ 120,00","$ 160,00",Agua saborizada Villa del Sur Levité pera 2.25 l.
88,,"$ 161,25",Jugo Cepita del valle fresh naranja 2.25 l.
89,,"$ 161,25",Jugo Cepita del valle fresh manzana 2.25 l.
90,,"$ 161,25",Jugo Cepita del valle fresh pomelo 2.25 l.
91,"$ 80,78","$ 107,70",Agua saborizada Aquarius pera 1.5 l.
92,"$ 80,78","$ 107,70",Agua saborizada Aquarius pomelo 1.5 l.
93,"$ 80,78","$ 107,70",Agua saborizada Aquarius manzana 1.5 l.
94,,"$ 162,85",Agua saborizada Ser citrus 2.25 l.
95,,"$ 108,70",Gaseosa Sprite sin azúcares lima limón 1.5 l.
96,,"$ 108,99",Jugo Cepita del valle fresh naranja 1.5 l.
97,,"$ 109,95",Gaseosa limón Pritty regular pet 1.5 l.
98,,"$ 17,60",Jugo en polvo Carrefour naranja mango 24 g.
99,,"$ 17,60",Jugo en polvo Carrefour manzana 24 g.
100,,"$ 17,60",Jugo en polvo Carrefour naranja 24 g.
101,,"$ 166,76",Gaseosa Paso de los Toros pomelo 2.25 l.
102,,"$ 112,00",Aperitivo sin alcohol Tacconi serrano 1.5 l.
103,,"$ 112,00",Aperitivo sin alcohol Tacconi limón 1.5 l.
104,,"$ 112,00",Aperitivo sin alcohol Tacconi blanco 1.5 l.
105,,"$ 112,50",Aperitivo sin alcohol naranja Tacconi 1.5 l
106,,"$ 112,80",Agua mineral Smartwater sin gas 1.5 l.
107,,"$ 113,00",Jugo Cepita del valle fresh pomelo 1.5 l.
108,,"$ 170,00",Gaseosa Pritty limón cero 2.25 l.
109,,"$ 170,00",Gaseosa Pritty limón 2.25 l.
110,,"$ 113,50",Gaseosa Schweppes sin azúcar pomelo 1.5 l.
111,,"$ 114,15",Agua sin gas Villavicencio botella reciclada 1.5 l.
112,,"$ 171,33",Agua saborizada con gas Ser we limón 2.25 l.
113,,"$ 114,70",Jugo Cepita del valle fresh manzana 1.5 l.
114,"$ 130,80","$ 174,40",Agua saborizada Villa del Sur Levité pomelo 2.25 l.
115,"$ 130,80","$ 174,40",Agua saborizada Villa del Sur Levité manzana 2.25 l.
116,"$ 130,80","$ 174,40",Agua saborizada Villa del Sur Levité naranja 2.25 l.
117,"$ 87,30","$ 116,40",Agua saborizada Villa del Sur Levité pomelo 1.5 l.
118,"$ 87,30","$ 116,40",Agua saborizada Villa del Sur Levité manzana 1.5 l.
119,"$ 87,30","$ 116,40",Agua saborizada Villa del Sur Levité naranja 1.5 l.
120,,"$ 117,26",Agua saborizada con gas We citrus 1.5 l.
121,,"$ 137,00",Gaseosa Sprite sin azúcar lima-limón 1.75 l.
122,"$ 132,75","$ 177,00",Agua saborizada Awafrut sin gas pomelo sin azúcar 2.25 l.
123,"$ 132,75","$ 177,00",Agua saborizada Awafrut sin gas nar dur sin azúcar 2.25 l.
124,,"$ 119,95",Gaseosa Pritty limón cero 1.5 l.
125,,"$ 120,00",Jugo Cuarto Creciente graviola con stevia 1500 cc.
126,"$ 99,19","$ 132,25",Agua saborizada Awafrut sin gas nar dur sin azúcar 1.65 l.
127,,"$ 141,78",Gaseosa cola Coca Cola sin azúcar pet 1.75 l.
128,,"$ 142,02",Gaseosa Fanta naranja 1.75 l.
129,,"$ 81,29",Jugo Cepita del valle 25% naranja 1 l.
130,,"$ 183,10",Gaseosa Sprite lima limón 2.25 l.
131,"$ 139,13","$ 185,50",Agua saborizada Villa del Sur Levité Cero pomelo 2.25 l.
132,"$ 139,13","$ 185,50",Agua saborizada Villa del Sur Levité cero manzana 2.25 l.
133,,"$ 85,00",Jugo natural multifruta Carrefour tetra 1 l.
134,,"$ 86,70",Jugo Cepita del valle 25% manzana 1 l.
135,,"$ 108,70",Gaseosa Coca cola sabor original 1.25 l.
136,,"$ 53,00",Agua mineral sin gas Carrefour 600 cc.
137,,"$ 8,85",Jugo en polvo Verao manzana 10 g.
138,,"$ 8,85",Jugo en polvo Verao naranja durazno 10 g.
139,,"$ 8,85",Jugo en polvo Verao ananá 10 g.
140,,"$ 88,83",Bebida isotónica Powerade manzana 995 cc.
141,"$ 100,73","$ 134,30",Agua saborizada Villa del Sur Levité pera 1.5 l.
142,,"$ 89,60",Agua mineral sin gas Eco de los Andes pico y tapa deportivos 1 l.
143,,"$ 135,00",Gaseosa cola Pepsi regular 1.5 l.
144,"$ 102,60","$ 136,80",Agua saborizada Villa del Sur levité cero ananá sin gas 1.5 l.
145,"$ 171,00","$ 228,00",Agua saborizada naranja sin gas Villa del Sur Levité 2.5 l.
146,"$ 171,00","$ 228,00",Agua saborizada pera sin gas Villa del Sur Levité 2.5 l.
147,"$ 103,05","$ 137,40",Agua saborizada villa del sur Levite ananá s gas pet 1.5 l.
148,,"$ 160,53",Gaseosa cola Coca Cola regular pet 1.75 l.
149,,"$ 208,44",Gaseosa Coca Cola sabor original 2.25 l.
150,,"$ 208,58",Gaseosa Coca Cola sin azúcares 2.25 l.
151,,"$ 209,20",Gaseosa Sprite sin azúcar lima-limón 2.25 l.
152,,"$ 125,58",Aperitivo sin alcohol Terma limón 1.35 l.
153,,"$ 125,61",Aperitivo sin alcohol Terma pomelo 1.35 l.
154,,"$ 125,61",Aperitivo sin alcohol Terma cuyano 1.35 l.
155,,"$ 125,67",Aperitivo sin alcohol Terma serrano 1.3 l.
156,,"$ 125,74",Aperitivo sin alcohol Terma patagonico 1.35 l.
157,,"$ 164,60",Aperitivo sin alcohol Terma light limón 1.75 l.
158,,"$ 164,60",Aperitivo sin alcohol Terma pomelo rosado 1.75 l.
159,,"$ 164,60",Aperitivo sin alcohol Terma serrano 1.7 l.
160,,"$ 164,60",Aperitivo sin alcohol Terma citrus 1.75 l.
161,,"$ 81,95",Agua mineral Eco De Los Andes sin gas 850 cc.
162,,"$ 169,00",Gaseosa cola Coca Cola light pet 1.75 l.
163,,"$ 169,00",Gaseosa Sprite lima-limón 1.75 l.
164,,"$ 97,00",Jugo de naranja Petit con pulpa sin azúcar agregada 1 l.
165,"$ 110,77","$ 147,70",Agua saborizada Villa del Sur Levité cero pomelo 1.5 l.
166,"$ 110,77","$ 147,70",Agua saborizada Villa del Sur Levité cero manzana 1.5 l.
167,"$ 110,77","$ 147,70",Agua saborizada Villa del Sur Levité cero naranja 1.5 l.
168,"$ 113,70","$ 151,60",Agua saborizada Ser limón con gas 1.5 l.
169,,"$ 230,00",Gaseosa Fanta limón 2.25 l.
170,,"$ 139,00",Aperitivo sin alcohol Terma limón cero 1.35 l.
171,,"$ 21,04",Jugo Tutti manzana tetra 200 cc.
172,"$ 79,91","$ 106,55",Agua saborizada Villa del Sur Levité manzana 1 l.
173,"$ 79,91","$ 106,55",Agua saborizada pomelo sin gas Villa del Sur Levité 1 l.
174,"$ 79,91","$ 106,55",Agua saborizada Villa del Sur Levité naranja 1 l.
175,,"$ 108,00",Jugo Cepita del valle naranja tentación 1 l.
176,,"$ 108,00",Jugo Cepita del valle durazno delicioso 1 l.
177,,"$ 162,60",Gaseosa pomelo sin azúcar Paso De Los Toros pet 1.5 l.
178,,"$ 108,25",Bebida isotónica Powerade mountain blast 995 cc.
179,,"$ 108,25",Bebida isotónica Powerade frutas tropicales 995 cc.
180,,"$ 146,90",Aperitivo sin alcohol Terma serrano cero 1.35 l.
181,,"$ 146,90",Aperitivo sin alcohol Terma cuyano cero 1.35 l.
182,,"$ 146,90",Aperitivo sin alcohol Terma manzana cero 1.35 l.
183,,"$ 146,90",Aperitivo sin alcohol pomelo cero Terma 1.35 l.
184,,"$ 146,90",Aperitivo sin alcohol patagónico cero Terma 1.35 l
185,,"$ 146,90",Aperitivo sin alcohol Terma pomelo rosado 1.35 l.
186,,"$ 146,90",Aperitivo sin alcohol Terma citrus 1.35 l.
187,,"$ 245,00",Gaseosa Coca-Cola light 2.25 l.
188,,"$ 245,00",Gaseosa Fanta naranja 2.25 l.
189,,"$ 110,07",Vino tinto Vin Up 1 l.
190,,"$ 112,00",Jugo Cepita del valle 25% multifruta 1 l.
191,,"$ 113,76",Bebida alcohólica Vin Up a base de vino blanco 1 l.
192,,"$ 57,54",Agua saborizada Ser citrus 500 cc.
193,,"$ 20,92",Jugo en polvo Arcor manzana 18 g.
194,,"$ 236,50",Jugo concentrado sin azúcar naranja Zulueta 2 l.
195,,"$ 236,50",Jugo concentrado sin azúcar ananá Zulueta 2 l.
196,,"$ 236,50",Jugo Zulueta concentrado sin azúcar pomelo 2 l.
197,,"$ 236,50",Jugo concentrado sin azúcar durazno Zulueta 2 l.
198,"$ 45,00","$ 60,00",Agua saborizada con gas H2Oh limóneto 500 cc.
199,,"$ 60,60",Agua de mesa Kin sin gas 500 cc.
200,,"$ 61,80",Agua de mesa Kin con gas 500 cc.
201,,"$ 74,20",Agua mineral sin gas Villa del Sur 600 cc.
202,,"$ 93,00",Bebida isotónica Carrefour blueberry 750 cc.
203,,"$ 93,00",Bebida isotónica Carrefour frutas tropicales 750 cc.
204,,"$ 93,00",Bebida isotónica Carrefour manzana 750 cc.
205,,"$ 93,00",Bebida isotónica Carrefour naranja 750 cc.
206,"$ 46,69","$ 62,25",Agua saborizada Awafrut sin gas nar dur sin azúcar 500 cc.
207,"$ 46,69","$ 62,25",Agua saborizada Awafrut sin gas pomelo sin azúcar 500 cc.
208,"$ 46,69","$ 62,25",Agua saborizada Awafrut sin gas manzana sin azúcar 500 cc.
209,,"$ 63,88",Bebida isotónica Powerade mountain blast 500 cc.
210,,"$ 64,26",Gaseosa 7 Up light lima limón 500 cc.
211,,"$ 65,36",Agua mineral sin gas Eco de los Andes 500 cc.
212,,"$ 99,00",Bebida isotónica Carrefour manzana cero azúcar 750 cc.
213,,"$ 99,00",Bebida isotónica Carrefour blueberry cero azúcar 750 cc.
214,,"$ 99,00",Bebida isotónica Carrefour frutas tropicales cero azúcar 750 cc.
215,,"$ 99,00",Bebida isotónica Carrefour naranja cero azúcar 750 cc.
216,"$ 18,00","$ 24,00",Jugo en polvo Arcor ananá 18 g.
217,"$ 18,00","$ 24,00",Jugo en polvo Arcor naranja 18 g.
218,,"$ 133,60",Cerveza rubia Palermo 1 l.
219,,"$ 68,43",Gaseosa Pepsi black 500 cc.
220,,"$ 137,50",Jugo concentrado frutilla Juvin pet 1 l.
221,,"$ 137,50",Jugo concentrado ananá Juvin pet 1 l.
222,,"$ 137,50",Jugo concentrado durazno Juvin pet 1 l.
223,,"$ 137,50",Jugo concentrado pomelo Juvin pet 1 l.
224,,"$ 137,50",Jugo concentrado manzana Juvin pet 1 l.
225,,"$ 24,90",Jugo en polvo Rinde Dos naranja y banana 18 g.
226,,"$ 24,90",Jugo en polvo Rinde Dos ananá 18 g.
227,,"$ 24,90",Jugo en polvo Rinde mix frutal 18 g.
228,,"$ 24,90",Jugo en polvo Rinde Dos naranja durazno 18 g.
229,,"$ 24,90",Jugo en polvo Rinde manzana 18 g.
230,,"$ 24,90",Jugo en polvo Rinde Dos naranja 18 g.
231,,"$ 24,90",Jugo en polvo Rinde Dos naranja citrus 18 g.
232,,"$ 83,40",Agua mineral Smartwater sin gas 591 cc.
233,,"$ 83,40",Agua mineral Smartwater con gas 591 cc.
234,,"$ 70,60",Agua mineral con gas Eco de los Andes 500 cc.
235,,"$ 179,85",Bebida isotónica Gatorade manzana 1.25 l.
236,,"$ 179,85",Bebida isotónica Gatorade cool blue 1.25 l.
237,,"$ 179,85",Bebida isotónica Gatorade naranja 1.25 l.
238,,"$ 72,60",Gaseosa Paso de los Toros pomelo 500 cc.
239,,"$ 73,10",Agua mineralizada sin gas Glaciar bajo sodio 500 cc.
240,,"$ 147,35",Cerveza rubia Brahma 1 l.
241,,"$ 149,10",Sidra sin alcohol Fiesta de los niños multifruta pixar 1 l.
242,,"$ 150,00",Ades soja + jugo de manzana 1 l.
243,,"$ 75,00",Gaseosa cola Pepsi regular 500 c.
244,,"$ 150,00",Ades soja + jugo de frutas tropicales 1 l.
245,,"$ 75,00",Gaseosa 7 Up lima limón 500 cc.
246,,"$ 150,00",Ades soja + jugo de naranja 1 l.
247,,"$ 75,00",Gaseosa Mirinda naranja 500 cc.
248,,"$ 24,90",Jugo en polvo Rinde Dos naranja vitamina C 15 g.
249,,"$ 23,00",Jugo en polvo naranja mango cero Rinde Dos 15 g.
250,,"$ 153,72",Vino tinto tetra flex afa cadenas Toro 1 l.
251,"$ 144,00","$ 160,00",Vino tinto Pico de Oro 1 l.
252,"$ 144,00","$ 160,00",Vino blanco Pico de Oro 1 l.
253,,"$ 155,03",Vino blanco tetra flex afa cadenas Toro 1 l.
254,,"$ 77,60",Bebida isotónica Powerade frutas tropicales 500 cc.
255,,"$ 77,60",Bebida isotónica Powerade manzana 500 cc.
256,"$ 58,50","$ 78,00",Agua saborizada Aquarius manzana 500 cc.
257,"$ 58,50","$ 78,00",Agua saborizada Aquarius pomelo 500 cc.
258,,"$ 168,95",Vino rosado Pico de Oro 1 l.
259,,"$ 157,70",Jugo limonada con menta Citric tetra 1 l.
260,,"$ 157,70",Jugo pomelo con menta y jengibre Citric tetra 1 l.
261,,"$ 171,70",Vino blanco Concilio brick 1 l.
262,,"$ 171,70",Vino tinto Concilio brick 1 l.
263,,"$ 171,70",Vino rosado Concilio brick 1 l.
264,,"$ 79,50",Jugo Cepita del valle fresh pomelo 500 cc.
265,,"$ 79,54",Jugo Cepita del valle fresh naranja 500 cc.
266,,"$ 320,00",Jugo Purosol de naranja 2 l.
267,,"$ 163,20",Cerveza blanca Iguana botella 1 l.
268,,"$ 82,00",Gaseosa Fanta sin azúcar naranja 500 cc.
269,"$ 149,40","$ 166,00",Vino blanco Pico de Oro dulce brik 1 l.
270,,"$ 83,10",Gaseosa Sprite sin azúcares lima limón 500 cc.
271,"$ 62,32","$ 83,10",Agua saborizada Aquarius pera 500 cc.
272,,"$ 83,20",Agua mineral sin gas Villavicencio 500 cc.
273,,"$ 253,70",Jugo arándanos Rincón de Vida botella 1.5 l.
274,,"$ 170,00",Jugo de naranja Purosol 1 l.
275,,"$ 173,60",Cerveza negra Quilmes bock 1 l.
276,,"$ 87,00",Gaseosa Fanta limón 500 cc.
277,"$ 65,48","$ 87,30",Agua saborizada Villa del Sur levité ananá sin gas pet 500 cc.
278,"$ 140,08","$ 175,10",Cerveza blanca Amstel lager botella 1 l.
279,,"$ 31,70",Jugo en polvo Tang naranja dulce vitamina C + D 18 g.
280,,"$ 31,70",Jugo en polvo Tang manzana vitamina C + D 18 g.
281,,"$ 31,70",Jugo en polvo Tang pomelo rosado vitamina C y D 18 g.
282,,"$ 31,70",Jugo en polvo Tang pera vitamina C y D 18 g.
283,,"$ 31,70",Jugo en polvo Tang naranja vitamina C + D 18 g.
284,,"$ 31,70",Jugo en polvo Tang naranja durazno vitamina C + D 18 g.
285,,"$ 31,70",Jugo en polvo Tang naranja banana vitamina C y D 18 g.
286,,"$ 88,70",Agua mineral con gas Villavicencio 500 cc.
287,,"$ 133,75",Bebida isotónica Gatorade manzana 750 cc.
288,,"$ 133,75",Bebida isotónica Gatorade frutas tropicales 750 cc.
289,,"$ 91,96",Gaseosa Fanta naranja 500 cc.
290,,"$ 184,30",Cerveza rubia Warsteiner retornable 1 l.
291,,"$ 175,74",Aperitivo americano Marcela botella 950 cc.
292,,"$ 18,50",Jugo en polvo Carrefour naranja dulce 10 g.
293,,"$ 18,50",Jugo en polvo Carrefour rosado pomelo 10 g.
294,,"$ 18,50",Jugo en polvo Carrefour ananá 10 g.
295,,"$ 65,85",Gaseosa cola regular Pepsi lata 354 cc.
296,,"$ 65,85",Gaseosa 7 Up Lima Limón regular lata 354 cc.
297,,"$ 94,00",Gaseosa Coca Cola sabor original 500 cc.
298,,"$ 94,00",Gaseosa Coca Cola light 500 cc.
299,,"$ 94,00",Gaseosa Sprite lima limón 500 cc.
300,,"$ 90,17",Cerveza rubia Quilmes 473 cc.
301,"$ 176,40","$ 196,00",Vino tinto Toro dulce brick 1 l.
302,,"$ 93,30",Cerveza rubia Schneider 473 cc.
303,,"$ 197,85",Cerveza rubia Budweiser 1 l.
304,,"$ 49,55",Gaseosa Pepsi black 250 cc.
305,,"$ 49,55",Gaseosa Paso De Los Toros pomelo regular pet 250 cc.
306,"$ 85,32","$ 94,80",Bebida base soda vino rojo Torino lata 473 ml.
307,,"$ 53,95",Gaseosa Paso de los Toros tónica lata 269 cc.
308,,"$ 53,95",Gaseosa Paso de los Toros pomelo lata 269 cc.
309,"$ 75,60","$ 100,80",Agua saborizada Villa del Sur Levité pomelo 500 cc.
310,"$ 75,60","$ 100,80",Agua saborizada Villa del Sur Levité manzana 500 cc.
311,"$ 75,60","$ 100,80",Agua saborizada Villa del Sur Levité Cero pomelo 500 cc.
312,"$ 75,60","$ 100,80",Agua saborizada Villa del Sur Levité naranja 500 cc.
313,"$ 75,60","$ 100,80",Agua saborizada Villa del Sur Levité Cero manzana 500 cc.
314,"$ 75,60","$ 100,80",Agua saborizada Villa del Sur Levité pera 500 cc.
315,"$ 75,60","$ 100,80",Agua saborizada Villa del Sur Levité Cero naranja 500 cc.
316,,"$ 207,00",Vino blanco Termidor 2021 1 l.
317,,"$ 207,00",Vino tinto Termidor 2021 1 l.
318,,"$ 76,60",Gaseosa Coca Cola sabor original lata 354 cc.
319,,"$ 108,65",Bebida isotónica Gatorade manzana 500 cc.
320,,"$ 108,65",Bebida isotónica Gatorade uva 500 cc.
321,,"$ 108,65",Bebida isotónica Gatorade cool blue 500 cc.
322,,"$ 108,65",Bebida isotónica Gatorade naranja 500 cc.
323,,"$ 77,00",Gaseosa Coca-Cola sin azúcar 354 cc.
324,,"$ 77,00",Gaseosa Schweppes sin azúcar pomelo 354 cc.
325,,"$ 77,00",Gaseosa Sprite lima limón lata 354 cc.
326,,"$ 74,09",Cerveza roja Andes Origen retornable 340 cc.
327,"$ 50,83","$ 78,20",Gaseosa Schweppes tónica 354 cc.
328,,"$ 78,20",Gaseosa Fanta naranja lata 354 cc.
329,,"$ 78,20",Gaseosa Sprite lima limón sin azúcar lata 354 cc.
330,,"$ 221,30",Jugo Citric naranja sin pulpa 1 l.
331,,"$ 221,30",Jugo Citric manzana 1 l.
332,,"$ 105,00",Frizante Frizze pomelata italian lata 473 cc.
333,,"$ 640,00",Cerveza blanca Quilmes sin alcohol 473 cc. 6 u.
334,,"$ 68,15",Isotónica Gatorade cool blue 300 cc.
335,,"$ 228,50",Cerveza rubia Imperial golden 1 l.
336,,"$ 651,00",Cerveza negra Quilmes stout 6 x 473 cc.
337,,"$ 651,00",Cerveza roja Quilmes red lager 6 u. x 473 cc.
338,,"$ 46,00",Jugo Cepita del valle naranja 200 cc.
339,,"$ 46,00",Jugo Cepita del Valle manzana 200 cc.
340,,"$ 46,00",Jugo Cepita del Valle multifruta 200 cc.
341,,"$ 116,45",Bebida energizante Rockstar bot 500 cc.
342,,"$ 235,00",Cerveza rubia lager Imperial 1 l.
343,"$ 198,00","$ 220,00",Vino moscato Crotta 930 cc.
344,,"$ 237,80",Cerveza rubia Andes Origen 1 l.
345,"$ 182,25","$ 243,00",Cerveza blanca Salta cautiva retornable botella 1 l.
346,"$ 182,25","$ 243,00",Cerveza roja Salta cautiva retornable botella 1 l.
347,,"$ 244,00",Aperitivo Dr. Lemon vodka 1 l.
348,,"$ 244,00",Aperitivo Dr. Lemon lemon 1 l.
349,,"$ 244,00",Aperitivo Dr. Lemon vodka + pomelo 1 l.
350,,"$ 173,30",Cerveza rubia Schneider 710 cc.
351,"$ 196,00","$ 245,00",Cerveza rubia Miller 1 l.
352,,"$ 184,13",Vino tinto cabernet sauvignon Colón 750 cc.
353,,"$ 18,50",Jugo en polvo Carrefour manzana deliciosa 7.5 g.
354,"$ 93,36","$ 116,70",Cerveza blanca Amstel lager lata 473 cc.
355,,"$ 125,00",Cerveza pilsener Mecklenburger 500 cc.
356,"$ 226,80","$ 252,00",Frizante italian limonata Frizze 1 l.
357,"$ 226,80","$ 252,00",Frizante Frizze italian pomelata 1 l.
358,,"$ 119,40",Aperitivo shake Pronto 473 cc.
359,,"$ 379,00",Jugo Citric de naranja clásica tetra 1.5 l.
360,,"$ 253,00",Jugo concentrado limón 100% Juvin pet 1 l.
361,,"$ 113,00",Cerveza rubia Warsteiner 473 cc.
362,,"$ 761,00",Jugo Citric de naranja clásica tetra 3 l.
363,,"$ 120,60",Cerveza rubia Brahma 473 cc.
364,,"$ 255,90",Cerveza blanca Quilmes doble malta botella 1 l.
365,"$ 261,00","$ 290,00",Vino tinto Viñas de Alvear 1.125 l.
366,"$ 261,00","$ 290,00",Vino blanco Viñas de Alvear 1.125 l.
367,"$ 196,50","$ 262,00",Jugo Citric de naranja clásica tetra 1 l.
368,,"$ 124,30",Cerveza rubia Imperial golden 473 cc.
369,,"$ 87,00",Cerveza rubia Mecklenburger pilsener 330 cc.
370,,"$ 199,02",Vino blanco Cuesta Del Madero 750 cc.
371,"$ 269,10","$ 299,00",Vino tinto Resero edición especial 1125 cc.
372,"$ 113,76","$ 126,40",Frizante Frizze blue evolution lata 473 cc.
373,"$ 182,70","$ 203,00",Vino tinto Toro clásico 750 cc.
374,,"$ 272,50",Cerveza roja amber lager Imperial 1 l.
375,,"$ 272,60",Cerveza roja Andes Origen 1 l.
376,,"$ 272,60",Cerveza rubia Andes IPA retornable 1 l.
377,,"$ 60,00",Gaseosa Coca-Cola sin azúcar 220 cc.
378,,"$ 60,00",Gaseosa Coca-Cola sabor original 220 cc.
379,,"$ 60,00",Gaseosa Sprite sin azúcar lima-limón 220 cc.
380,"$ 277,20","$ 308,00",Vino tinto blend Viejo Rincón 1125 cc.
381,"$ 277,20","$ 308,00",Vino tinto blend Marques del Sur 750 cc.
382,"$ 279,90","$ 311,00",Vino tinto borgona Viñas de Balbo 1125 cc.
383,"$ 279,90","$ 311,00",Vino blanco chablis Viñas de Balbo 1125 cc.
384,,"$ 139,00",Cerveza negra Mecklenburger premium dunkel 500 cc.
385,,"$ 139,00",Cerveza de trigo Mecklenburger weibbier 500 cc.
386,,"$ 278,50",Cerveza rubia Heineken Retornable 1 l.
387,"$ 189,00","$ 210,00",Vino blanco dulce Santa Silvia 750 cc.
388,"$ 189,00","$ 210,00",Vino blanco torrontés viogner Santa Silvia 750 cc.
389,,"$ 132,60",Fernet con cola 1882 473 cc.
390,"$ 99,98","$ 133,30",Cerveza blanca Salta cautiva lata 473 cc.
391,,"$ 134,60",Aperitivo Dr. Lemon limón 473 cc.
392,,"$ 134,60",Aperitivo Dr. Lemon vodka 473 cc.
393,,"$ 202,30",Cerveza rubia Budweiser 710 cc.
394,,"$ 135,00",Sidra Del Valle lata 473 cc.
395,,"$ 135,00",Aperitivo con alcohol pomelo vodka Dr Lemon lata 473 cc.
396,,"$ 291,00",Cerveza rubia ipa Imperial 1 l.
397,,"$ 149,00",Cerveza IPA Mecklenburger 500 cc.
398,,"$ 223,58",Vino tinto cabernet sauvignon San Telmo 750 cc.
399,"$ 114,40","$ 143,00",Cerveza rubia Miller 473 cc.
400,"$ 307,80","$ 342,00",Vino tinto Canciller blend III edición especial 1.25 l.
401,"$ 174,00","$ 217,50",Cerveza rubia Miller 710 cc.
402,,"$ 217,50",Cerveza rubia Imperial lager 710 cc.
403,,"$ 145,00",Cerveza rubia Imperial 473 cc.
404,,"$ 299,80",Cerveza blanca Stella Artois botella 975 cc.
405,,"$ 299,80",Cerveza negra noire Stella Artois 975 cc.
406,,"$ 880,00",Cerveza rubia Andes Origen 6 x 473 cc.
407,,"$ 233,39",Vino tinto malbec San Telmo 750 cc.
408,"$ 211,50","$ 235,00",Vino tinto malbec Colón 750 cc.
409,"$ 211,50","$ 235,00",Vino blanco torrontés Colón 750 cc.
410,"$ 211,50","$ 235,00",Vino tinto merlot Colón 750 cc.
411,"$ 211,50","$ 235,00",Vino tinto syrah Colón 750 cc.
412,,"$ 158,00",Jugo concentrado limón 100% Juvin pet 500 cc.
413,"$ 321,75","$ 357,50",Vino tinto bonarda syrah Valderrobles 1.125 l.
414,"$ 215,55","$ 239,50",Vino tinto cabernet sauvignon Cava Don Carlos 750 cc.
415,"$ 215,55","$ 239,50",Vino tinto malbec Cava Don Carlos 750 cc.
416,,"$ 240,00",Vino tinto malbec Marques del Sur 750 cc.
417,"$ 216,00","$ 240,00",Vino tinto cabernet sauvignon Marques del Sur 750 cc.
418,"$ 330,75","$ 367,50",Vino tinto malbec Nampe 1.125 l.
419,"$ 330,75","$ 367,50",Vino tinto cabernet sauvignon Nampe 1.125 l.
420,,"$ 154,90",Bebida energizante Speed lata 473 cc.
421,"$ 221,85","$ 246,50",Vino tinto Toro lacrado 750 cc.
422,"$ 896,40","$ 996,00",Vino tinto Canciller blend I bib 3 l.
423,,"$ 943,00",Cerveza rubia Andes IPA 6 X 473 cc.
424,,"$ 136,50",Cerveza blanca Quilmes doble malta lata 410 cc.
425,,"$ 73,60",Gaseosa Coca-Cola café 220 cc.
426,"$ 233,25","$ 311,00",Cerveza rubia Grolsch retornable 925 cc.
427,,"$ 84,20",Bebida energizante Speed 250 cc.
428,"$ 194,68","$ 243,35",Cerveza rubia Heineken 710 cc.
429,,"$ 257,57",Vino tinto malbec Alaris 750 cc.
430,"$ 232,65","$ 258,50",Vino blanco chenin chard dulce Estancia Mendoza 750 cc.
431,"$ 232,65","$ 258,50",Vino tinto bonarda malbec Estancia Mendoza 750 cc.
432,"$ 233,10","$ 259,00",Vino tinto Canciller blend III edición especial 750 cc.
433,,"$ 259,50",Licor Ombú Padilla caña durazno 750 cc.
434,,"$ 173,91",Jugo de limón Minerva pet 500 cc.
435,"$ 234,90","$ 261,00",Vino tinto syrah cabernet Suter 750 cc.
436,,"$ 165,00",Cerveza rubia Sol 473 cc.
437,,"$ 248,50",Cerveza dorada Brahma botella 710 cc.
438,,"$ 28,13",Jugo en polvo Clight naranja vitaminas C + D 8 g.
439,"$ 237,60","$ 264,00",Vino tinto Suter cabernet sauvignon 750 cc.
440,"$ 238,50","$ 265,00",VIno tinto cabernet sauvignon Viejo Rincón 750 cc.
441,,"$ 70,80",Ades soja + jugo de manzana 200 cc.
442,,"$ 70,80",Jugo Ades soja naranja 200 cc.
443,,"$ 70,80",Ades soja + jugo de frutas tropicales 200 cc.
444,,"$ 1.005,00",Cerveza roja Andes Origen 6 x 473 cc.
445,,"$ 1.005,00",Cerveza negra Andes Origen 6 x 473 cc.
446,,"$ 169,00",Cerveza roja amber lager Imperial 473 cc.
447,,"$ 169,00",Vodka Smirnoff ice original lata 473 cc.
448,"$ 370,80","$ 412,00",Vino tinto cabernet suavignon Canciller 1125 cc.
449,,"$ 367,50",Jugo de limón Minerva pet 1 l.
450,"$ 249,30","$ 277,00",Vino tinto malbec Novecento 750 cc.
451,"$ 249,30","$ 277,00",Vino tinto cabernet sauvignon Novecento 750 cc.
452,,"$ 277,05",Vino tinto malbec seleccion Los Árboles 750 cc.
453,,"$ 174,90",Vodka Smirnoff ice greenapple lata 473 cc.
454,,"$ 185,30",Jugo orgánico S limón con jengibre botella 500 cc.
455,,"$ 185,30",Limonada orgánica Simply Go con hibiscus botella 500 ml.
456,,"$ 185,30",Limonada orgánica Simply Go con cúrcuma botella 500 ml.
457,,"$ 185,30",Jugo orgánico S manzana botella 500 cc.
458,,"$ 28,13",Jugo en polvo Clight naranja dulce vitaminas C + D 7.5 g.
459,,"$ 357,00",Aperitivo Amargo Obrero 950 cc.
460,"$ 255,15","$ 283,50",Vino tinto malbec Cuesta del madero 750 cc.
461,"$ 255,15","$ 283,50",Vino tinto cabernet sauvignon Cuesta del madero 750 cc.
462,"$ 255,60","$ 284,00",Vino tinto merlot malbec Estancia Mendoza 750 cc.
463,"$ 255,60","$ 284,00",Vino tinto cabernet malbec Estancia Mendoza 750 cc.
464,,"$ 196,20",Cerveza ipa Pampa Brewing lata 473 cc.
465,,"$ 196,20",Cerveza amber ale Pampa Brewing lata 473 cc.
466,,"$ 196,20",Cerveza golden ale Pampa brewing lata 473 cc.
467,,"$ 285,60",Jugo concentrado granadina Cusenier 750 g.
468,,"$ 279,70",Cerveza Patagonia ipa ow vera 730 cc.
469,,"$ 280,20",Cerveza roja Patagonia amber lager 730 cc.
470,,"$ 280,20",Cerveza rubia Patagonia 24.7 IPA con sauco 730 cc.
471,,"$ 280,20",Cerveza rubia Patagonia hoppy lager 730 cc.
472,,"$ 280,20",Cerveza rubia Patagonia bohemian 730 cc.
473,,"$ 280,20",Cerveza rubia Patagonia kune 730 cc.
474,,"$ 384,00",Bebida energizante Speed pack 4 u.
475,"$ 259,65","$ 288,50",Vino tinto malbec Viejo Rincón 750 cc.
476,"$ 260,10","$ 289,00",Vino blanco clásico Norton 1895 750 cc.
477,"$ 260,10","$ 289,00",Vino tinto clásico Norton 1895 750 cc.
478,,"$ 30,90",Jugo en polvo Clight mandarina vitaminas C + D 8 g.
479,"$ 261,00","$ 290,00",Vino oporto Crotta 750 cc.
480,"$ 261,00","$ 290,00",Vino mistela Crotta 750 cc.
481,"$ 261,00","$ 290,00",Vino jerez Crotta 750 cc.
482,,"$ 120,00",Aperitivo Livenza spritz + soda 310 cc.
483,"$ 786,75","$ 1.049,00",Cerveza blanca Stella Artois lata 269 cc. x 10 uni
484,"$ 148,24","$ 185,30",Cerveza rubia Heineken 473 cc.
485,,"$ 299,46",Vino tinto cabernet sauvignon Benjamin 750 cc.
486,,"$ 299,80",Vino tinto malbec Benjamin Nieto 750 cc.
487,,"$ 301,00",Licor de miel Cusenier mariposa 750 cc.
488,,"$ 1.140,00",Cerveza blanca Stella Artois lata 6 473 cc.
489,,"$ 28,13",Jugo en polvo Clight manzana deliciosa vitaminas C + D 7 g.
490,,"$ 381,78",Aperitivo Gancia americano 950 cc.
491,,"$ 383,80",Aperitivo americano Leger Cazalis 950 cc.
492,,"$ 406,47",Ginebra Bols bicentenario 1 l.
493,,"$ 290,15",Cerveza rubia Corona 710 cc.
494,"$ 277,20","$ 308,00",Vino blanco Amenni 750 cc.
495,"$ 277,20","$ 308,00",Vino rosado Amenni 750 cc.
496,,"$ 196,20",Cerveza honey Pampa brewing lata 473 cc.
497,,"$ 312,75",Vino blanco chardonnay Benjamin 750 cc.
498,,"$ 417,00",Aperitivo Martini rosso 1 l.
499,"$ 21,98","$ 29,30",Jugo en polvo BC La Campagnola ananá 7 g.
500,,"$ 198,40",Cerveza rubia Imperial Apa 473 cc.
501,"$ 283,50","$ 315,00",Vino tinto malbec Eugenio Bustos 750 cc.
502,,"$ 399,00",Vermouth Carpano Rosso 950 cc.
503,"$ 283,50","$ 315,00",Vino tinto cabernet sauvignon Eugenio Bustos 750 cc.
504,"$ 289,80","$ 322,00",Vino tinto malbec Pacheco pereda 750 cc.
505,"$ 289,80","$ 322,00",Vino tinto cabernet sauvignon Pacheco pereda 750 cc.
506,,"$ 433,40",Vodka Nikov 1 l.
507,"$ 22,80","$ 30,40",Jugo en polvo BC La Campagnola naranja 7 g.
508,,"$ 135,00",Aperitivo c/ alcohol Dr Lemon gin tonic lata 310 ml.
509,,"$ 135,00",Aperitivo c/ alcohol Dr Lemon gin tonic 99 kcal lata 310 ml.
510,"$ 588,60","$ 654,00",Vino tinto malbec Chacabuco 1.5 l.
511,"$ 1.178,10","$ 1.309,00",Vino tinto Dilema malbec day bib 3 l.
512,,"$ 310,70",Cerveza red honey Rabieta botella 710 cc.
513,,"$ 310,70",Cerveza rubia Rabieta american Ipa 710 cc.
514,,"$ 310,70",Cerveza roja Rabieta Irish molly otoole 710 cc.
515,,"$ 310,70",Cerveza rubia Rabieta golden ale 710 cc.
516,,"$ 310,70",Cerveza apa Rabieta botella 710 cc.
517,,"$ 310,70",Cerveza roja Rabieta ipa 710 cc.
518,,"$ 219,00",Cerveza lager Bear Beer lata 500 cc.
519,"$ 296,10","$ 329,00",Vino tinto malbec Omnium 750 cc.
520,"$ 296,10","$ 329,00",Vino tinto cabernet sauvignon Omnium 750 cc.
521,"$ 123,12","$ 136,80",Vino tinto Omnium malbec lata 310 cc.
522,"$ 23,25","$ 31,00",Jugo en polvo BC La Campagnola naranja dulce 7 g.
523,"$ 23,25","$ 31,00",Jugo en polvo BC La Campagnola manzana roja 7 g.
524,"$ 23,25","$ 31,00",Jugo en polvo BC La Campagnola mango naranja 7 g.
525,"$ 23,25","$ 31,00",Jugo en polvo BC La Campagnola naranja durazno 7 g.
526,,"$ 1.275,00",Cerveza rubia Patagonia kune 6 u. x 473 cc.
527,"$ 305,10","$ 339,00",Vino tinto malbec Los Pasos 750 cc.
528,"$ 305,10","$ 339,00",Vino tinto red blend Los Pasos 750 cc.
529,"$ 305,10","$ 339,00",Vino tinto cabernet sauvignon Los Pasos 750 cc.
530,,"$ 214,00",Cerveza nitro cream Pampa Brewing stout lata 473 cc.
531,"$ 306,45","$ 340,50",Vino tinto malbec Nampe 750 cc.
532,"$ 306,45","$ 340,50",Vino tinto cabernet sauvignon Nampe 750 cc.
533,,"$ 218,00",Cerveza Rabieta Helles Munich lata 473 cc.
534,,"$ 380,40",Vino tinto malbec San Felipe 750 cc.
535,,"$ 380,40",Vino tino cabernet sauvignon San Felipe 750 cc.
536,,"$ 350,00",Fernet Vittone 750 cc.
537,"$ 315,00","$ 350,00",Vino tinto Desigual malbec 750 cc.
538,"$ 315,00","$ 350,00",Vino tinto Desigual cabernet sauvignon 750 cc.
539,"$ 316,80","$ 352,00",Vino tinto malbec Finca Las Moras 750 cc.
540,"$ 316,80","$ 352,00",Vino rosado dulce Dadá 750 cc.
541,"$ 316,80","$ 352,00",Vino tinto merlot trapiche Alaris 750 cc.
542,"$ 316,80","$ 352,00",Vino tinto syrah Finca Las Moras 750 cc.
543,"$ 316,80","$ 352,00",Vino tinto syrah Alaris 750 cc.
544,"$ 316,80","$ 352,00",Vino tinto cabernet sauvignon Alaris 750 cc.
545,,"$ 235,00",Jugo de manzana Las Brisas sin azúcar orgánico 500 cc.
546,,"$ 222,60",Cerveza negra Peñón del Águila schwarzbier 473 cc.
547,,"$ 222,60",Cerveza rubia Peñón del Águila honigbier 473 cc.
548,,"$ 222,60",Cerveza negra Peñón del Águila 473 cc.
549,,"$ 222,60",Cerveza rubia Peñón del Águila mexican lager 473 cc.
550,,"$ 222,60",Cerveza rubia Peñón del Águila hefeweizen 473 cc.
551,,"$ 222,60",Cerveza rubia Peñón del águila 473 cc.
552,"$ 950,25","$ 1.267,00",Cerveza rubia Patagonia hoppy lager 269 cc. 10 u.
553,"$ 318,60","$ 354,00",Vino tinto Dilema Day malbec 750 cc.
554,"$ 318,60","$ 354,00",Vino tinto Dilema Day cabernet 750 cc.
555,,"$ 225,00",Cerveza bock Blest lata 473 cc.
556,,"$ 225,00",Cerveza pilsen Blest lata 473 cc.
557,"$ 322,20","$ 358,00",Vino blanco sauvignon Benjamín 750 cc.
558,,"$ 239,00",Cerveza ipa Bear Beer lata 500 cc.
559,"$ 323,10","$ 359,00",Vino rosado Colon Selecto 750 cc.
560,"$ 323,10","$ 359,00",Vino tinto malbec Colon Selecto 750 cc.
561,"$ 323,10","$ 359,00",Vino tinto cabernet sauvignon Colon Selecto 750 cc.
562,"$ 323,10","$ 359,00",Vino tinto merlot cabernet sauvignon Colon Selecto 750 cc.
563,"$ 323,10","$ 359,00",Vino tinto syrah malbec Colon Selecto 750 cc.
564,"$ 324,00","$ 360,00",Espumante extra brut Novecento 750 cc.
565,,"$ 360,00",Vino tinto malbec Latitud 33 750 cc.
566,"$ 324,00","$ 360,00",Vino tinto malbec Callia hoy 750 cc.
567,,"$ 360,00",Vino blanco chardonnay Latitud 33 750 cc.
568,"$ 324,00","$ 360,00",Vino tinto syrah-malbec Callia Alta 750 cc.
569,"$ 324,00","$ 360,00",Vino tinto cabernet sauvignon Callia hoy 750 cc.
570,"$ 324,00","$ 360,00",Vino tinto syrah-cabernet Callia 750 cc.
571,"$ 324,00","$ 360,00",Vino tinto syrah Callia 750 cc.
572,,"$ 360,00",Vino tinto syrah Latitud 33 750 cc.
573,,"$ 338,48",Licor Cusenier café al cognac 700 cc.
574,,"$ 230,00",Cerveza honey Bierhaus lata 473 cc.
575,,"$ 230,00",Cerveza scotch Bierhaus lata 473 cc.
576,"$ 328,50","$ 365,00",Vino tinto cabernet Cafayate 750 cc.
577,"$ 328,50","$ 365,00",Vino tinto syrah Cafayate 750 cc.
578,,"$ 1.388,00",Cerveza rubia Temple ipa 473 cc. 6 u.
579,,"$ 1.388,00",Cerveza rubia Temple roja 473 cc. 6 u.
580,,"$ 1.388,00",Cerveza witbier miel Patagonia Abrazo De Oso 473 cc. x 6 uni
581,,"$ 367,00",Vino blanco Dadá malbec white 750 cc.
582,"$ 331,70","$ 368,56",Vino fino tinto blend El Bautismo 750 cc.
583,,"$ 246,00",Jugo de naranja Las Brisas sin azúcar orgánico 500 cc.
584,,"$ 175,00",Cerveza Blest pilsen 355 cc.
585,,"$ 175,00",Cerveza Blest bock 355 cc.
586,,"$ 175,00",Cerveza Blest scotch 355 cc.
587,"$ 335,70","$ 373,00",Vino tinto malbec bonarda Benjamin 750 cc.
588,"$ 335,70","$ 373,00",Vino tinto merlot Benjamin Nieto 750 cc.
589,"$ 335,70","$ 373,00",Vino tinto syrah Benjamin Nieto 750 cc.
590,"$ 335,70","$ 373,00",Vino tinto tempranillo Benjamin Nieto 750 cc.
591,"$ 337,50","$ 375,00",Vino tinto malbec Aimé 750 cc.
592,,"$ 408,80",Vino blanco clásico San Felipe 750 cc.
593,,"$ 408,80",Vino tinto San Felipe 12 uvas 750 cc.
594,"$ 338,40","$ 376,00",Vino tinto malbec Novecento raices 750 cc.
595,"$ 338,40","$ 376,00",Vino tinto cabernet sauvignon Novecento raíces 750 cc.
596,"$ 341,10","$ 379,00",Vino blanco chardonnay Elegido 750 cc.
597,"$ 341,10","$ 379,00",Vino tinto malbec Cosecha Elegido Norton 750 cc.
598,"$ 341,10","$ 379,00",Vino tinto cabernet sauvignon Cosecha Elegido Norton 750 cc.
599,,"$ 239,80",Cerveza ipa Chachingo lata 473 cc.
600,,"$ 239,80",Cerveza Chachingo amber lata 473 cc.
601,,"$ 239,80",Cerveza pale ale Chachingo lata 473 cc.
602,,"$ 180,85",Bebida energizante Red Bull lata 355 cc.
603,,"$ 241,00",Cerveza roja Rabieta honey 473 cc.
604,,"$ 241,00",Cerveza rubia Rabieta ipa 473 cc.
605,,"$ 241,00",Cerveza roja Rabieta irish ale 473 cc.
606,,"$ 241,00",Cerveza roja Rabieta ipa 473 cc.
607,,"$ 241,00",Cerveza rubia Rabieta golden ale 473 cc.
608,,"$ 1.257,00",Cerveza roja amber lager Patagonia lata 6 410 cc.
609,,"$ 209,60",Cerveza bohemian Patagonia lata 410 cc.
610,"$ 346,50","$ 385,00",Espumante Novecento extra dulce 750 cc.
611,,"$ 231,00",Fernet Vittone 450 cc.
612,"$ 346,95","$ 385,50",Vino fino tinto malbec El Bautismo 750 cc.
613,"$ 348,30","$ 387,00",Vino tinto malbec Chacabuco 750 cc.
614,"$ 348,30","$ 387,00",Vino tinto cabernet sauvignon Chacabuco 750 cc.
615,,"$ 160,00",Hard seltzer Meet pomelo lata 310 cc.
616,,"$ 160,00",Hard seltzer Meet lima lata 310 cc.
617,,"$ 160,00",Hard seltzer Meet mango lata 310 cc.
618,,"$ 245,00",Cerveza honey Blest lata 473 cc.
619,,"$ 245,00",Cerveza Blest ipa lata 473 cc.
620,"$ 351,00","$ 390,00",Vino tinto roble-cabernet sauvignon Don Valentín Lacrado 750 cc.
621,"$ 351,00","$ 390,00",Vino blanco torrontés Don Valentín Lacrado 750 cc.
622,"$ 351,00","$ 390,00",Vino tinto malbec Tierra del Fuego 750 cc.
623,"$ 351,00","$ 390,00",Vino tinto rosado Tierra Del Fuego 750 cc.
624,,"$ 185,00",Cerveza Blest honey 355 cc.
625,,"$ 185,00",Cerveza Blest ipa 355 cc.
626,,"$ 185,00",Cerveza apa Blest 355 l.
627,,"$ 392,17",Cognac añejo licor Otard Dupuy 750 cc.
628,,"$ 186,00",Gin tonic Covent american dry cero lata 354 cc.
629,,"$ 395,00",Licor edición homenaje Legui 750 cc.
630,"$ 355,50","$ 395,00",Vino tinto malbec Eugenio Bustos leyenda 750 cc.
631,,"$ 186,50",Gin tonic Covent american dry lata 354 cc.
632,,"$ 186,50",Gin tonic Covent pink lata 354 cc.
633,"$ 1.072,50","$ 1.430,00",Cerveza rubia Corona 269 cc. 10 u.
634,,"$ 373,76",Licor de dulce de leche premium Bols 700 cc.
635,,"$ 267,30",Cerveza artesanal scotch Antares botella 500 cc.
636,"$ 363,15","$ 403,50",Vino blanco Frida sauvignon blanc 750 cc.
637,,"$ 270,60",Jugo de arándano Las Brisas sin azúcar orgánico 500 cc.
638,,"$ 270,60",Jugo de naranja Las Brisas orgánico 500 cc.
639,"$ 366,75","$ 407,50",Vino blanco chardonnay Aimé 750 cc.
640,,"$ 257,40",Cerveza artesanal honey Antares lata 473 cc.
641,,"$ 257,40",Cerveza artesanal scotch Antares lata 473 cc.
642,,"$ 257,40",Cerveza artesanal kolsch Antares lata 473 cc.
643,,"$ 136,25",Bebida energizante Red Bull sugar free 250 cc.
644,,"$ 409,80",Whisky Hiram walker 750 cc.
645,,"$ 170,00",Hard seltzer mango Hard Fresh lata 310 cc.
646,,"$ 170,00",Hard seltzer pomelo Hard Fresh lata 310 cc.
647,,"$ 170,00",Agua con gas y alcohol Topo-Chico frutilla 310 ml.
648,,"$ 170,00",Agua con gas y alcohol Topo-Chico ananá 310 ml.
649,,"$ 170,00",Agua con gas y alcohol Topo-Chico lima-limón 310 ml.
650,"$ 372,60","$ 414,00",Vino tinto Estancia Mendoza cabernet cadenas 750 cc.
651,"$ 373,50","$ 415,00",Vino tinto Frida cabernet sauvignon 750 cc.
652,"$ 140,22","$ 155,80",Frizante blanco New Age lata 269 cc.
653,"$ 374,40","$ 416,00",Vino tinto cabernet sauvignon Pacheco Pereda 750 cc.
654,"$ 1.497,60","$ 1.664,00",Vino tinto Finca Magnolia malbec bib 3 l.
655,,"$ 555,00",Vermouth Cinzano bianco Botella 1 l.
656,"$ 375,30","$ 417,00",Vino blanco dulce torrontés Elementos 750 cc.
657,"$ 375,30","$ 417,00",Vino rosado torrontés Elementos 750 cc.
658,"$ 375,30","$ 417,00",Vino blanco torrontés Elementos 750 cc.
659,,"$ 417,60",Vino tinto malbec Elementos 750 cc.
660,,"$ 417,60",Vino tinto cabernet sauvignon Elementos 750 cc.
661,,"$ 417,60",Vino tinto syrah Elementos 750 cc.
662,,"$ 264,00",Cerveza extra stout Guinnes lata 473 cc.
663,"$ 378,00","$ 420,00",Vino tinto malbec Pacheco Pereda 750 cc.
664,,"$ 185,30",Jugo orgánico limón con jengibre S botella 330 cc.
665,,"$ 185,30",Jugo orgánico naranja S 330 cc.
666,,"$ 185,30",Limonada orgánica con curcuma Simply Go botella 330 ml.
667,,"$ 185,30",Jugo orgánico multifruta S 330 cc.
668,,"$ 185,30",Limonada orgánica con hibiscus Simply Go botella 330 ml.
669,,"$ 185,30",Jugo orgánico manzana S botella 330 cc.
670,"$ 379,35","$ 421,50",Vino tinto Desigual cabernet franc 750 cc.
671,"$ 379,35","$ 421,50",Vino blanco Desigual dulce 750 cc.
672,"$ 760,50","$ 845,00",Vino tinto malbec Portillo 1.5 l.
673,"$ 382,50","$ 425,00",Vino tinto malbec Terra 750 cc.
674,"$ 382,50","$ 425,00",Vino tinto cabernet sauvignon Serie Terra 750 cc.
675,"$ 383,40","$ 426,00",Vino tinto malbec Fran 750 cc.
676,"$ 383,40","$ 426,00",Vino tinto blend Fran 750 cc.
677,"$ 383,40","$ 426,00",Vino blanco chardonnay Fran 750 cc.
678,,"$ 1.614,00",Cerveza Goose Island lata 6 uni x 473 cc.
679,"$ 385,20","$ 428,00",Vino rose Aimé 750 cc.
680,"$ 385,20","$ 428,00",Vino tinto cabernet sauvignon Aimé 750 cc.
681,"$ 385,20","$ 428,00",Vino tinto red blend Aimé 750 cc.
682,,"$ 270,00",Cerveza ipa Bierhaus lata 473 cc.
683,"$ 386,10","$ 429,00",Vino tinto cabernet reserva San Huberto clásico 750 cc.
684,"$ 387,00","$ 430,00",Espumante extra brut Callia 750 cc.
685,"$ 387,00","$ 430,00",Vino tinto syrah-malbec Esperado 750 cc.
686,"$ 387,00","$ 430,00",Vino tinto syrah cabernet Callia esperado 750 cc.
687,"$ 387,00","$ 430,00",Vino tinto cabernet sauvignon Callia 750 cc.
688,"$ 387,00","$ 430,00",Vino tinto malbec Callia Esperado 750 cc.
689,"$ 387,90","$ 431,00",Vino tinto malbec Kadabra 750 cc.
690,"$ 387,90","$ 431,00",Vino tinto cabernet sauvignon Kadabra 750 cc.
691,,"$ 405,00",Licor Cusenier chocolate 700 cc.
692,,"$ 405,00",Licor Cusenier lemoncello 700 cc.
693,,"$ 405,00",Licor Cusenier melón 700 cc.
694,,"$ 405,00",Licor Cusenier huevo 700 cc.
695,,"$ 405,00",Licor Cusenier café 700 cc.
696,,"$ 217,00",Vino tinto Valmont 375 cc.
697,"$ 390,60","$ 434,00",Vino blanco Finca magnolia blend 750 cc.
698,"$ 390,60","$ 434,00",Vino tinto Finca magnolia cabernet 750 cc.
699,"$ 390,60","$ 434,00",Vino tinto Finca magnolia malbec 750 cc.
700,,"$ 474,20",Vino tinto cabernet sauvignon San Felipe roble 750 cc.
701,,"$ 145,65",Bebida energizante tropical Red Bull lata 250 cc.
702,"$ 423,00","$ 470,00",Vino tinto malbec Alchimia 750 cc.
703,"$ 423,00","$ 470,00",Vino tinto cabernet sauvignon Alchimia 750 cc.
704,,"$ 440,00",Espumante extra brut Mercier 750 cc.
705,,"$ 440,00",Espumante demi sec Mercier 750 cc.
706,,"$ 440,00",Espumante Mercier dulce 750 cc.
707,"$ 396,90","$ 441,00",Vino tinto malbec Dadá 750 cc.
708,"$ 396,90","$ 441,00",Vino tinto Dadá 8 chocolate 750 cc.
709,"$ 396,90","$ 441,00",Vino tinto malbec-bonarda Dadá n°1 750 cc.
710,"$ 396,90","$ 441,00",Vino tinto merlot Dadá 2 750 cc.
711,"$ 396,90","$ 441,00",Vino tinto syrah cabernet Dadá 3 750 cc.
712,"$ 400,50","$ 445,00",Vino rosado Cosecha Tardía 750 cc.
713,"$ 400,50","$ 445,00",Vino tinto Norton cosecha tardia 750 cc.
714,"$ 404,10","$ 449,00",Vino blanco chardonnay Finca Los Primos 750 cc.
715,"$ 404,10","$ 449,00",Vino tinto Mandala malbec 750 cc.
716,"$ 404,10","$ 449,00",Vino tinto pinot noit Finca Los Primos 750 cc.
717,"$ 405,00","$ 450,00",Vino tinto malbec Bravío 750 cc.
718,,"$ 300,00",Cerveza negra Weidmann pilsener lata 500 cc.
719,"$ 405,00","$ 450,00",Vino tinto syrah Bravio 750 cc.
720,"$ 405,00","$ 450,00",Vino tinto cabernet sauvignon Bravío 750 cc.
721,,"$ 451,00",Vodka Bols pomelo 750 cc.
722,,"$ 451,00",Vodka Bols sandia 750 cc.
723,"$ 406,80","$ 452,00",Vino tinto cabernet sauvignon Sade 750 cc.
724,"$ 409,50","$ 455,00",Vino tinto malbec Los Haroldos Estate 750 cc.
725,"$ 409,50","$ 455,00",Vino tinto blend Los Haroldos Estate 750 cc.
726,"$ 409,50","$ 455,00",Vino tinto cabernet sauvignon Los Haroldos Estate 750 cc.
727,"$ 409,50","$ 455,00",Vino blanco chardonnay Estate 750 cc.
728,,"$ 287,10",Cerveza rubia Peñón del Águila waldbier 473 cc.
729,"$ 412,20","$ 458,00",Espumante Federico de Alvear extra brut 750 cc.
730,,"$ 153,00",Jugo manzana Fruggina botella 250 ml.
731,,"$ 153,00",Jugo pera Fruggina botella 250 ml.
732,,"$ 307,70",Cerveza artesanal honey Antares botella 500 cc.
733,,"$ 619,50",Aperitivo Martini extra Dry 1 l.
734,"$ 418,50","$ 465,00",Vino tinto malbec Alma Mora 750 cc.
735,"$ 418,50","$ 465,00",Vino tinto cabernet sauvignon Alma Mora 750 cc.
736,"$ 418,50","$ 465,00",Vino tinto syrah Alma Mora 750 cc.
737,,"$ 126,40",Whisky Doble v 200 cc.
738,"$ 427,50","$ 475,00",Espumante Federico de Alvear demi sec 750 cc.
739,"$ 215,10","$ 239,00",Vino tinto malbec Los Pasos 375 cc.
740,"$ 432,00","$ 480,00",Vino tinto malbec Portillo 750 cc.
741,"$ 432,00","$ 480,00",Vino blanco sauvignon blanc Portillo 750 cc.
742,"$ 432,00","$ 480,00",Vino rosado malbec Portillo 750 cc.
743,"$ 432,00","$ 480,00",Vino tinto cabernet sauvignon Portillo 750 cc.
744,"$ 432,00","$ 480,00",Vino tinto pinot noir Portillo 750 cc.
745,"$ 432,00","$ 480,00",Vino blanco chardonnay Portillo 750 cc.
746,"$ 432,00","$ 480,00",Vino tinto merlot Portillo 750 cc.
747,"$ 432,00","$ 480,00",Vino tinto tempranillo Portillo 750 cc.
748,"$ 432,00","$ 480,00",Vino tinto syrah Portillo 750 cc.
749,"$ 434,70","$ 483,00",Vino tinto malbec Ventus roble 750 cc.
750,"$ 434,70","$ 483,00",Vino tinto cabernet sauvignon Ventus 750 cc.
751,"$ 434,70","$ 483,00",Vino tinto blend Ventus 750 cc.
752,"$ 435,60","$ 484,00",Vino blanco chenin semillon El Regreso 750 cc.
753,"$ 436,50","$ 485,00",Vino tinto malbec Marcus 750 cc.
754,"$ 436,50","$ 485,00",Vino tinto merlot Marcus 750 cc.
755,"$ 436,50","$ 485,00",Vino blanco sauvignon blanc Marcus 750 cc.
756,"$ 440,10","$ 489,00",Vino blanco Ventus roble chardonnay 750 cc.
757,,"$ 490,00",Vino tinto merlot Latitud 33 750 cc.
758,"$ 441,00","$ 490,00",Vino tinto malbec Estiba I 750 cc.
759,,"$ 490,00",Vino tinto tempranillo Latitud 33 750 cc.
760,,"$ 490,00",Licor de café al ron Tres Plumas 750 cc.
761,,"$ 490,00",Licor de café al dulce de leche Tres Plumas 750 cc.
762,"$ 441,00","$ 490,00",Vino chardonnay Estiba I 750 cc.
763,"$ 441,00","$ 490,00",Vino tinto cabernet sauvignon Estiba I 750 cc.
764,,"$ 490,00",Licor de cafe Tres Plumas 750 cc.
765,"$ 441,00","$ 490,00",Vino tinto syrah Estiba I 750 cc.
766,,"$ 490,00",Licor de cafe al chocolate Tres Plumas 750 cc.
767,,"$ 309,40",Cerveza de arándano Peñon del águila 473 cc.
768,,"$ 309,40",Cerveza rubia Peñón del Águila maracuyá sour 473 cc.
769,"$ 443,25","$ 492,50",Vino blanco sauvignon blanc Newen 750 cc.
770,"$ 445,50","$ 495,00",Vino tinto dulce Santa Julia 750 cc.
771,"$ 445,50","$ 495,00",Vino rosado rose syrah Santa Julia 750 cc.
772,"$ 445,50","$ 495,00",Vino tinto malbec Santa Julia 750 cc.
773,"$ 445,50","$ 495,00",Vino blanco chardonnay Santa Julia 750 cc.
774,"$ 445,50","$ 495,00",Vino tinto cabernet sauvignon Santa Julia 750 cc.
775,"$ 445,50","$ 495,00",Vino tinto merlot Santa Julia 750 cc.
776,"$ 445,50","$ 495,00",Vino tinto syrah Santa Julia 750 cc.
777,"$ 445,50","$ 495,00",Vino tinto tempranillo Santa Julia 750 cc.
778,"$ 446,85","$ 496,50",Vino tinto Santa Julia malbec orgánico 750 cc.
779,,"$ 219,00",Cerveza lager Bear Beer porron 330 cc.
780,,"$ 465,00",Licor de chocolate blanco Tres Plumas 700 cc.
781,,"$ 465,00",Licor de chocolate dulce leche Tres Plumas 700cc.
782,,"$ 465,00",Licor de dulce de leche Tres Plumas 700 cc.
783,"$ 449,10","$ 499,00",Vino tinto malbec Bianchi 750 cc.
784,"$ 449,10","$ 499,00",Vino tinto cabernet sauvignon Bianchi d.o.c. 750 cc.
785,"$ 214,20","$ 238,00",Vino blanco Santa Julia chenin dulce 355 cc.
786,"$ 381,75","$ 509,00",Vino tinto malbec Terravita orgánico 750 cc.
787,"$ 459,00","$ 510,00",Vino rosado Finca La Celia reserva 750 cc.
788,,"$ 510,00",Vino tinto cabernet reserva Tierra Del Fuego 750 cc.
789,,"$ 225,00",Jugo orgánico de limón menta Las Brisas 330 cc.
790,,"$ 225,00",Jugo orgánico pera Las Brisas 330 cc.
791,"$ 461,70","$ 513,00",Vino tinto malbec Emilia 750 cc.
792,"$ 461,70","$ 513,00",Vino blanco dulce natural Emilia 750 cc.
793,"$ 461,70","$ 513,00",Vino rosado malbec Emilia 750 cc.
794,"$ 461,70","$ 513,00",Vino tinto cabernet sauvignon Emilia 750 cc.
795,"$ 461,70","$ 513,00",Vino tinto malbec bonarda Emilia 750 cc.
796,"$ 461,70","$ 513,00",Vino tinto red blend Emilia 750 cc.
797,,"$ 226,35",Jugo orgánico de manzana s azúcar Las Brisas bot 330 cc.
798,"$ 464,40","$ 516,00",Vino tinto malbec tempr Dadá incrediblends 2 750 cc.
799,"$ 464,40","$ 516,00",Vino tinto malbec sangi Dadá incrediblends 3 750 cc.
